{"flutter":{"platforms":{"android":{"default":{"projectId":"college-link-345c7","appId":"1:164910074872:android:bd45394c5844c5c98b640d","fileOutput":"android/app/google-services.json"}},"dart":{"lib/firebase_options.dart":{"projectId":"college-link-345c7","configurations":{"android":"1:164910074872:android:bd45394c5844c5c98b640d","ios":"1:164910074872:ios:100e9e89678471fb8b640d","macos":"1:164910074872:ios:100e9e89678471fb8b640d","web":"1:164910074872:web:0599669c8ff0fe128b640d","windows":"1:164910074872:web:697800a2f81738258b640d"}}}}}}