{
  "project_info": {
    "project_number": "164910074872",
    "project_id": "college-link-345c7",
    "storage_bucket": "college-link-345c7.appspot.com"
  },
  "client": [
    {
      "client_info": {
        "mobilesdk_app_id": "1:164910074872:android:bd45394c5844c5c98b640d",
        "android_client_info": {
          "package_name": "com.example.college_app"
        }
      },
      "oauth_client": [],
      "api_key": [
        {
          "current_key": "AIzaSyCz1jKupEuCsX59MoWVGrbhmmKoFAx-s0I"
        }
      ],
      "services": {
        "appinvite_service": {
          "other_platform_oauth_client": []
        }
      }
    }
  ],
  "configuration_version": "1"
}